order_id,order_item_id,product_id,seller_id,shipping_limit_date,price,freight_value
00571ded73b3c061925584feab0db425,1,8695c431b31927efef5343e675f279e7,fe2032dab1a61af8794248c8196565c9,25-05-2017 21:10,179.9,15.01
00571ded73b3c061925584feab0db425,2,8695c431b31927efef5343e675f279e7,fe2032dab1a61af8794248c8196565c9,25-05-2017 21:10,179.9,15.01
01855f880aae9a984c7c33b26fcf2e02,1,12bc892d6fff0dc42c8177f3665ef00e,e9779976487b77c6d4ac45f75ec7afe9,25-10-2017 15:35,39.49,8.27
01855f880aae9a984c7c33b26fcf2e02,2,12bc892d6fff0dc42c8177f3665ef00e,e9779976487b77c6d4ac45f75ec7afe9,25-10-2017 15:35,39.49,8.27
01a75ac3dd000b7628a684be97c29234,1,b5c114b11d53b6fd85a6a90790f0b479,0adac9fbd9a2b63cccaac4f8756c1ca8,29-01-2018 10:59,42.9,15.1
02aec12849744e266394182861265286,1,8aa6223e400af9c97b07c75993142721,1f9ab4708f3056ede07124aad39a2554,06-09-2017 18:05,174.9,35.74
04a59fe46fc5aa341da5378c195ed53c,1,2a15783d3cb601f8d9a6a86806b037b3,855668e0971d4dfd7bef1b6a4133b41b,04-12-2017 09:31,60.0,15.18
06a6627d9cc91a04e9d146bf65fee0a2,1,996ae0a67e63b78b427a1f8d07543e86,dc4a0fc896dc34b0d5bfec8438291c80,20-07-2017 10:35,99.9,13.72
06ae7271902bbb087fc093137fee6e81,1,da0bb22eb8eb2bce31a3784570528efb,3d871de0142ce09b7081e2b9d1733cb1,30-01-2018 09:09,79.0,17.8
0760a852e4e9d89eb77bf631eaaf1c84,1,1522589c64efd46731d3522568e5bc83,28405831a29823802aa22c084cfd0649,13-08-2018 06:15,35.0,15.35
0a4a2fccb27bd83a892fa503987a595b,1,f7d7b5c58704fb359a74580622800051,4a3ca9315b744ce9f8e9374361493884,28-04-2017 20:55,38.5,24.84
0c6b011f8a4f87010c23995f5807d152,1,1600dcf1cea8c0c83702e07b577ab231,6560211a19b47992c3666cc44a7e94c0,22-08-2018 18:35,43.0,23.02
0dad6beca7ed0e352668498c29089900,1,cfc4861ae14c9e9e7679355f863c18d4,e5e33c0d8e7e002f398f5dc4cbbb338f,07-12-2017 14:17,98.7,12.19
0e782c3705510e717d28907746cbda82,1,79da264732f717f10ebf5d102aa6c32a,562fc2f2c2863ab7e79a9e4388a58a14,07-05-2018 08:52,29.99,7.39
10c320f977c6a18f91b2d14be13128c6,1,b3be1f83cef05668c25e134852d44545,3b15288545f8928d3e65a8f949a28291,16-05-2017 21:02,110.99,21.27
116f0b09343b49556bbad5f35bee0cdf,1,a47295965bd091207681b541b26e40a5,ea8482cd71df3c1969d7b9473ff13abc,02-01-2018 23:50,27.99,15.1
136cce7faa42fdb2cefd53fdc79a6098,1,a1804276d9941ac0733cfd409f5206eb,dc8798cbf453b7e0f98745e396cc5616,19-04-2017 13:25,49.9,16.05
1370fae9b19ee5e01a2d609eb18b7c8a,1,a50acd33ba7a8da8e9db65094fa990a4,8581055ce74af1daba164fdbd55a40de,21-11-2017 13:55,117.3,28.2
138849fd84dff2fb4ca70a0a34c4aa1c,1,304fad8dc4d2012dc4062839972f2d96,6860153b69cc696d5dcfe1cdaaafcf62,08-02-2018 02:53,39.47,13.37
14e6e050a57912543937e93051cc7b2c,1,3940247162a820eff119efe47b02182f,82cb9f452fe8334df74b22d37824b431,28-06-2018 19:20,49.1,19.53
15bed8e2fec7fdbadb186b57c46c92f2,1,61d52f4882421048afd530db53d6f230,fa74b2f3287d296e9fbd2cc80f2d1cf1,20-09-2017 14:30,125.9,12.38
1790eea0b567cf50911c057cf20f90f9,1,2d8f2be4f08788ee3bf5356af2b2ee6c,d91fb3b7d041e83b64a00a3edfb37e4f,22-04-2018 22:10,186.9,38.0
17c2ee64306efa76f1389315a974eeba,1,704ef63ad0ac345842ea734060a83db2,da8622b14eb17ae2831f4ac5b9dab84a,05-12-2017 19:16,74.9,16.28
1c35ac660d7ef6691b25d20df3d6eccb,1,42a2c92a0979a949ca4ea89ec5c7b934,813348c996469b40f2e028d5429d3495,03-07-2017 23:35,59.9,14.13
1d067305b599c1e0dceb3864056ea527,1,2a2d22ae30e026f1893083c8405ca522,1a3df491d1c4f1589fc2b934ada68bf2,22-02-2018 12:15,148.9,21.53
1d251ab94983c4adb11e4b168abb1439,1,fb92dc4602bd9224e0e267496748afc5,8ae520247981aa06bc94abddf5f46d34,14-03-2018 00:49,219.0,19.41
1da00355018ed3e0fdd548cf3ddada99,1,59c1840441f4df065f52760bf51a8442,cab85505710c7cb9b720bceb52b01cee,21-12-2017 20:50,64.9,15.2
1e7aff52cdbb2451ace09d0f848c3699,1,8c591ab0ca519558779df02023177f44,a1043bafd471dff536d0c462352beb48,25-05-2017 19:05,119.99,34.2
1e8c81805b92ff169971231458670460,1,04d70d184a7c12c93cecd9c0d8b5ad69,c70c1b0d8ca86052f45a432a38b73958,10-05-2018 10:51,110.32,18.65
1e8c81805b92ff169971231458670460,2,04d70d184a7c12c93cecd9c0d8b5ad69,c70c1b0d8ca86052f45a432a38b73958,10-05-2018 10:51,110.32,18.65
203096f03d82e0dffbc41ebc2e2bcfb7,1,5ac9d9e379c606e36a8094a6046f75dc,633ecdf879b94b5337cca303328e4a25,25-09-2017 04:04,109.9,8.96
20e0101b20700188cadb288126949685,1,64d0feb1bcf9c7fe7b5dad3271c10910,e5a38146df062edaf55c38afa99e42dc,26-01-2018 19:36,89.18,16.38
210e60465099814a1d2c7635e4065153,1,b69eb25e3a4def8e9cddee18712e0c5e,8ed8ea9a57c862f2c18c2fe41f601d56,11-05-2018 18:54,199.0,32.79
21c71f62d2554e1ad6c8ba9dc7af2c62,1,43423cdffde7fda63d0414ed38c11a73,b1fc4f64df5a0e8b6913ab38803c57a9,29-12-2017 04:51,59.99,14.17
22d17396ac4c177e0ea83929cd4f845d,1,83b00325c13c44245b2c3a2befa62a0e,ad781527c93d00d89a11eecd9dcad7c1,03-10-2017 14:56,159.99,57.79
22ff7c206b68858435452298296c2fcb,1,da1cfaaffa7720fe28f26f18d52f5ad9,0ea22c1cfbdc755f86b9b54b39c16043,04-05-2017 10:32,39.9,10.96
232b75e8b6faa6ca2063184414e634a7,1,952670bc019a73f0933157ec82ff6e4f,37be5a7c751166fbc5f8ccba4119e043,04-10-2017 03:35,159.0,21.95
23f553848a03aaab35bb3f9f87725125,1,cac9e5692471a0700418aa3400b9b2b1,36890be00bbfc1cdb9a4a38a6af05a69,15-06-2018 09:31,99.2,18.57
248ff7b41bfa395f5ee828720889e664,1,abaf51d7a67cc363c8da7ae77d15ecdb,23ff42c4bf1f8f16cddb19d8b972974a,23-11-2017 13:31,24.9,16.79
258f2e5dd769d9314b349f5650005dcc,1,5994a2fdff4b0f9ca4376c4226adb442,33a17d60c64393351ebf1ef860f4e0f2,08-02-2018 11:10,129.97,35.43
25f4376934e13d3508486352e11a5db0,1,aca2eb7d00ea1a7b8ebd4e68314663af,955fee9216a65b617aa5c0531780ce60,22-05-2018 01:17,69.9,12.43
265f4e28ef8cf69f8445e2951bbe7343,1,7e0dc102074f8285580c9777f79c90cf,e26901d5ab434ce92fd9b5c256820a4e,15-03-2017 00:33,39.9,24.84
2711a938db643b3f0b62ee2c8a2784aa,1,ad1128daf194f4b6ac4256e16233497c,1ca7077d890b907f89be8c954a02686a,29-12-2017 02:15,45.0,14.1
2807d0e504d6d4894d41672727bc139f,1,6893767814d1ac82a81bcd365e1cc918,8b321bb669392f5163d04c59e235e066,08-02-2018 20:50,9.5,7.78
287c56aa824d8d1ea40246ad12013f62,1,4ff38de0673d41a0da1499e300720ef6,5b07547f10dd980738a1a27f685af669,08-08-2018 10:45,69.9,13.15
28fa410eec232354726af94904c6fa9b,1,61a53738adc5c0e8d243553320f9ba1c,7c67e1448b00f6e969d365cea6b010ab,03-04-2018 03:48,79.97,20.6
2c3a5e5f5bc3ae78ed5748461e62d47d,1,d8de812ed5d981fc6a3984f4caa2aa05,54a1852d1b8f10312c55e906355666ee,26-01-2018 19:36,59.99,9.74
2ce1ad82022c1ba30c2079502ac725aa,1,f35927953ed82e19d06ad3aac2f06353,669ae81880e08f269a64487cfb287169,17-08-2017 04:15,115.0,15.56
2d5cdc856665603f1580e3586bde89a5,1,9ddd762ee8a13576a809dc66f22aa2b5,da8622b14eb17ae2831f4ac5b9dab84a,05-02-2018 17:57,199.9,17.03
2edfd6d1f0b4cd0db4bf37b1b224d855,1,30469bb5ea377eae7121981e2f0778e4,80e6699fe29150b372a0c8a1ebf7dcc8,21-06-2017 03:05,113.0,28.15
33a3edb84b9df4cb49546859b990ac6d,1,389d119b48cf3043d311335e499d9c6b,1f50f920176fa81dab994f9023523100,28-02-2018 16:10,49.9,17.6
34276839abbc2d596eb36540d36c624c,1,83b00325c13c44245b2c3a2befa62a0e,ad781527c93d00d89a11eecd9dcad7c1,10-10-2017 23:14,159.99,57.79
34513ce0c4fab462a55830c0989c7edb,1,f7e0fa615b386bc9a8b9eb52bc1fff76,87142160b41353c4e5fca2360caf6f92,19-07-2017 20:10,98.0,16.13
35660aec0cc42b6257e24281ee0e6255,1,aba86c093ccdbac75b09111d57e50004,7c67e1448b00f6e969d365cea6b010ab,12-04-2017 14:55,129.6,25.4
36530871a5e80138db53bcfd8a104d90,1,ba4bfbf74dbe7ab37e263b9326da0523,f8db351d8c4c4c22c6835c19a46f01b0,17-05-2017 11:45,36.9,26.89
36ebb4199031e72a1fa964549b88c377,1,e7db7c40ea6647c808d48581f1308d88,1d8dbc4f32378d715c717c1c1fc57bae,10-04-2018 08:50,109.9,23.35
37104fd8b73d0691fda9491fe8906808,1,1dceebcc5f23c02ea23e16d5bedca000,4e922959ae960d389249c378d1c939f5,18-07-2017 02:50,45.0,16.11
37104fd8b73d0691fda9491fe8906808,2,1dceebcc5f23c02ea23e16d5bedca000,4e922959ae960d389249c378d1c939f5,18-07-2017 02:50,45.0,16.11
37d6c8f1b209eab8d1b6522a1a3e4d88,1,111d0b1e69f349615615113cf6b275fa,6d66611d7c44cc30ce351abc49a68421,18-12-2017 02:54,25.9,9.34
37e32b54f25d2472acbc642f7e539a36,1,617186c3d97ea56c9c683a8a3974e8c1,cc419e0650a3c5ba77189a1882b7556a,17-07-2017 14:25,84.99,14.34
38c4ae942b818085578157aabd4abf9e,1,d1c427060a0f73f6b889a5c7c61f2ac4,a1043bafd471dff536d0c462352beb48,22-03-2018 21:10,129.0,54.65
3923e3ade70348985bd2ca389905cf19,1,7bdb28a55646012fb3348058d629d9bc,d23019c84ffae2d5ef2270367b8605fc,15-03-2018 02:30,59.9,18.25
3a830ecb5338f0ff69822d388b64822e,1,bb1865456593db5a35bcc2b23174a09d,04aa0a1c5ce6b222003403a3e11c3cc0,30-01-2018 15:08,109.0,98.02
3b4ad687e7e5190db827e1ae5a8989dd,1,6026308f343d15d492324e7e35ba5685,966cb4760537b1404caedd472cc610a5,04-07-2018 13:11,844.0,21.01
3bc77ce8be27211bac313c2daa402d1a,1,f497ba62f1d6b4f6a3a3266fa8623ad3,6df688df543f90e9b38f4319e75a9d88,12-04-2017 22:50,58.2,8.78
3ef7c7b43ae449415675a6c34720b78e,1,b15b38f8a24ce6254dfa5bc5a06f18c5,8f580d36c1e9d6fbce95283403c7d447,22-06-2018 12:31,383.5,19.82
3f3913e8c7fd221ac82a34ffa20b93ee,1,880be32f4db1d9f6e2bec38fb6ac23ab,fa40cc5b934574b62717c68f3d678b6d,13-05-2018 22:11,44.9,10.66
3f849648ffbabb0562c7668f212e3e88,1,7bbf8eb1681f6f8ec4b6f0c1c6934718,a673821011d0cec28146ea42f5ab767f,23-05-2018 08:31,69.9,16.46
40001f4b6e1a35f0b99fc4f44078ab27,1,afeeea6271148ee1bb15173b8187c431,53243585a1d6dc2643021fd1853d8905,14-12-2017 17:37,189.9,26.36
403b97836b0c04a622354cf531062e5f,1,638bbb2a5e4f360b71f332ddfebfd672,c4af86330efa7a2620772227d2d670c9,12-01-2018 19:09,1299.0,77.45
40c5e18f7d112b59b3e5113a59a905b3,1,595fac2a385ac33a80bd5114aec74eb8,ef0ace09169ac090589d85746e3e036f,15-06-2018 10:58,119.9,8.78
412fccb2b44a99b36714bca3fef8ad7b,1,d04bbac48960ecb7ea311b00ca6e1cb7,7681ef142fd2c19048da7430856b5588,25-07-2018 11:03,102.0,38.88
41bb5cee06dbf170878a9ef93ac7e7f5,1,43ee88561093499d9e571d4db5f20b79,23613d49c3ac2bd302259e55c06c050c,28-05-2018 08:52,10.9,12.79
432aaf21d85167c2c86ec9448c4e42cc,1,72d3bf1d3a790f8874096fcf860e3eff,0bae85eb84b9fb3bd773911e89288d54,07-03-2018 15:10,38.25,16.11
434d158e96bdd6972ad6e6d73ddcfd22,1,c7df652246ed7b3300aaf46960c141e4,a5cba26a62b8b4d0145b68b841e62e7f,13-06-2018 03:35,445.0,63.17
434d3eec8dd031c322077fb2452e53a0,1,ec72556b5da399d24fe06338e816a9ac,fd386aa7bed2af3c7035c65506c9b4a3,10-05-2018 14:55,68.0,8.29
43d88b0e949865904334dd5b3ca63f50,1,2028bf1b01cafb2d2b1901fca4083222,cc419e0650a3c5ba77189a1882b7556a,26-03-2018 17:15,49.99,8.29
45ac1d4b219993bf334080eac1585166,1,34dc9ba20762290886d4d94d07a102e3,5b925e1d006e9476d738aa200751b73b,16-01-2018 10:09,119.0,17.37
47770eb9100c2d0c44946d9cf07ec65d,1,aa4383b373c6aca5d8797843e5594415,4869f7a5dfa277a7dca6462dcf3b52b2,13-08-2018 08:55,159.9,19.22
47aa4816b27ba60ec948cd019cc1afc1,1,1501b0033c68a37fa9560033a440e529,33cbbec1e7e1044aaf11d152172c776f,29-06-2018 03:31,53.44,18.47
4b3a605942f29d490cb74bd6ace6b9f0,1,ffd4bf4306745865e5692f69bd237893,d98eec89afa3380e14463da2aabaea72,05-10-2017 09:44,29.99,8.11
4b87488fb6269f8321508923b95da4d6,1,ed739dfa91e2c770354726fe0bf9cc72,57df9869a600bd6b7c405f2a862eccfb,15-06-2018 12:30,25.0,13.47
4bb6e6f5af26e1f5951d934386615406,1,3fbc0ef745950c7932d5f2a446189725,06a2c3af7b3aee5d69171b0e14f0ee87,04-07-2018 11:31,66.99,27.75
4d630f57194f5aba1a3d12ce23e71cd9,1,62bf07cdb14270c48cf42ca0312986aa,04e38a233f726ef161074ab1c9b0399a,23-11-2017 19:50,199.9,40.33
4d95703047b8a80cf5796b7478900ec7,1,f10d3472b287e627cf92e5ff1d8b88f2,41b39e28db005d9731d9d485a83b4c38,01-02-2018 00:16,39.9,11.85
4d95703047b8a80cf5796b7478900ec7,2,f10d3472b287e627cf92e5ff1d8b88f2,41b39e28db005d9731d9d485a83b4c38,01-02-2018 00:16,39.9,11.85
4da3bd761ca73d692ae0f5c252495546,1,4d8f78374f31cd4b4932c1f2a42c4674,7a425d299613df3e613bcf9d2eaf5c49,07-02-2018 12:54,18.5,7.94
4eeecb9e657525024b9b538730c5f974,1,91b08d34d0ba4db44da2dc382867ba49,b76dba6c951ab00dc4edf0a1aa88037e,19-06-2018 00:23,12.99,18.23
507240e305d631056d7ced5d5ab0eb9a,1,fe83af233315b04d9093c7edbcf789dd,1127b7f2594683f2510f1c2c834a486b,04-04-2018 15:29,48.32,11.15
5164933efe0cd14f31424b9badf81f19,1,821a07e1e2a0382df1f3761ae3cd435c,da8622b14eb17ae2831f4ac5b9dab84a,02-05-2018 22:30,129.9,12.0
51fc12a7908ea200b269a6ecfb3e7740,1,23384f296aa1bf6461d22912093a9847,891071be6ba827b591264c90c2ae8a63,12-02-2017 18:00,20.0,10.96
52e5445828db681d83dccb33a15ecac4,1,e0d64dcfaa3b6db5c54ca298ae101d05,4869f7a5dfa277a7dca6462dcf3b52b2,30-11-2017 20:56,170.0,24.06
52f166ce5fa053bbb27d317e4fd231b7,1,63085bb4366ded27bcb63cbb59b4103a,5dceca129747e92ff8ef7a997dc4f8ca,24-04-2018 20:30,428.0,18.51
53cdb2fc8bc7dce0b6741e2150273451,1,595fac2a385ac33a80bd5114aec74eb8,289cdb325fb7e7f891c38608bf9e0962,30-07-2018 03:24,118.7,22.76
5447160f15621601fa9ba2b94f4906b3,1,461f43be3bdf8844e65b62d9ac2c7a5a,b33e7c55446eabf8fe1a42d037ac7d6d,27-11-2017 12:31,146.0,15.77
5487a8ac1699754d975f853ce8bb9321,1,73e0db4719016f90a37238ca8e5a1cab,11305281b50fff20ae8bb473f8e11876,11-04-2018 05:48,159.99,27.2
5561adcb0fd46da4cad3048fa4e7fc00,1,4d071a22b9cc548b64a75075a4c63151,131fcb0a0c9a47bba4474aacff0f14b7,02-07-2018 15:58,99.9,9.45
556bbf53c2c22fbb9ef31a414dd444a6,1,9e2d3a8d8ffad53e2e35282a2020221c,1da366cade6d8276e7d8beea7af5d4bf,28-12-2017 17:56,49.9,17.6
565923f847aad52e7638eb189cce3b51,1,7fb04722aba7a2b632bac8f9819796f3,f3b80352b986ab4d1057a4b724be19d0,18-01-2018 08:29,80.0,17.81
5691d72069359cd293ac9a14f1bd5e9b,1,8c0fd3e89ebf51f2fcff46abbc4eca05,715bbd5ba4e6b74cb0d2f29eb45058b0,30-07-2018 02:55,34.9,37.15
56bd45163229b35ca0ab490c1e3d3233,1,6f5cff7499746e6f722c4dcee24f7437,dc4a0fc896dc34b0d5bfec8438291c80,04-12-2017 21:17,64.9,11.95
5820a1100976432c7968a52da59e9364,1,1deda1acffb44ed38494667d7e49a9f3,f52c2422904463fdd7741f99045fecb6,31-07-2018 11:44,33.9,18.34
58ac1947c1a9067b9f416cba6d844a3f,1,9820e04e332fc450d6fd975befc1bc28,520b493b57809f446cb0a233bb3e25c7,19-09-2017 13:45,110.0,14.16
58d4c4747ee059eeeb865b349b41f53a,1,1613b819ab5dae53aead2dbb4ebdb378,16090f2ca825584b5a147ab24aa30c86,26-07-2018 03:45,27.9,7.46
5acce57f8d9dfd55fa48e212a641a69d,1,0cd9f302c8a5b076ffa5c3567c6705fd,85d9eb9ddc5d00ca9336a2219c97bb13,08-08-2017 02:56,27.9,15.1
5c2d1d55c31db1cbe069dc9b6454b897,1,cdd914e78124a73cc28a165cfc4a0bbc,ba143b05f0110f0dc71ad71b4466ce92,27-07-2018 09:17,93.99,23.46
5e99f3c445038a0709b2aea8e34ed593,1,42a2c92a0979a949ca4ea89ec5c7b934,813348c996469b40f2e028d5429d3495,29-06-2017 19:45,59.9,17.13
5ec8f4e8fe5ee3fd5460b244d0804f9e,1,67217c43d81dea5a93bea48c23f4e156,18a349e75d307f4b4cc646a691ed4216,16-04-2018 02:27,65.0,18.33
5ff96c15d0b717ac6ad1f3d77225a350,1,10adb53d8faa890ca7c2f0cbcb68d777,1900267e848ceeba8fa32d80c1a5f5a8,27-07-2018 17:55,19.9,12.8
60550084e6b4c0cb89a87df1f3e5ebd9,1,9b37a918bcf2c8e1064e867cf1df4637,f27e33c6d29b5138fa9967bcd445b6d5,01-03-2018 02:10,39.9,26.89
615ae1b88a25a4ac47fbf55c9c847b6e,1,fa304c5424fd292aed9c35eb36d9f495,609e1a9a6c2539919b8205cf7c4e6ff0,14-08-2018 13:55,64.99,19.65
61988b318aaf57d18336c629bc42cf1b,1,1f30aacc69904c0d0bf8d05cb2abef72,4a3ca9315b744ce9f8e9374361493884,04-04-2018 16:32,135.0,25.14
6245ae0abd9de1ae647b5da78c0ea69b,1,8d1cfc0463b545928bfb4e589e017bd4,aae3bfea055532c57fb453ed3ec80b30,15-09-2017 08:10,62.8,11.94
62a12e4d2a742b2491d7c00d2d79bf52,1,2f774e1d1ee6937ae8294771c662066d,b6e1504972665f739dec4facb9943775,01-12-2017 19:39,281.99,17.73
634e8f4c0f6744a626f77f39770ac6aa,1,69d980b4120a76616d7b237d731d6156,744dac408745240a2c2528fb1b6028f3,15-08-2017 18:45,219.0,15.28
638f79643fd5681c6e6c6ef1f1ab700d,1,ba74c6b75d2ad7503175809688d5a03c,7d13fca15225358621be4086e1eb0964,16-04-2018 15:11,178.99,19.13
641fb0752bf5b5940c376b3a8bb9dc52,1,60184212dae4e6b0da32bf54271a8c4a,b33e7c55446eabf8fe1a42d037ac7d6d,21-12-2017 00:14,369.0,17.33
64a2b20e6611bf80d933549f4c45ad84,1,044f05bc9de36e8a693a83e4bc79dd0d,ea8482cd71df3c1969d7b9473ff13abc,28-12-2017 02:11,24.99,15.79
6514b8ad8028c9f2cc2374ded245783f,1,4520766ec412348b8d4caa5e8a18c464,16090f2ca825584b5a147ab24aa30c86,22-05-2017 13:22,59.99,15.17
65312c6e4ce03c0fb633a4ac541949d8,1,1ebd1450a2b8d51ffda696956426024a,822166ed1e47908f7cfb49946d03c726,01-08-2018 10:20,54.99,13.6
663830a477534735bbdec9de01113fa2,1,6a8631b72a2f8729b91514db87e771c0,128639473a139ac0f3e5f5ade55873a5,26-07-2018 12:30,24.9,13.51
66d03fb3c4b0f80b5db04ef9c260336d,1,a0b7d5a992ccda646f2d34e418fff5a0,95f83f51203c626648c875dd41874c7f,12-02-2018 21:29,69.9,26.11
66e4624ae69e7dc89bd50222b59f581f,1,b37b72d5a56f887725c2862184b8cab8,db4350fd57ae30082dec7acbaacc17f9,15-03-2018 15:30,22.99,22.85
66e4624ae69e7dc89bd50222b59f581f,2,b37b72d5a56f887725c2862184b8cab8,db4350fd57ae30082dec7acbaacc17f9,15-03-2018 15:30,22.99,22.85
67b47f35ec923e39f1203f3cfa80f5e3,1,07bcd890d449e493b4ec23d05a9e40ee,bd15ee794d5e640d9dd71b665b2ab15b,11-06-2018 18:49,28.9,12.79
686541986ecfb7d9296eb67719973bf0,1,3014e35fd70fce29095ced5cdc89f4ce,5656537e588803a555b8eb41f07a944b,15-02-2018 13:35,24.89,15.1
688052146432ef8253587b930b01a06d,1,d1c427060a0f73f6b889a5c7c61f2ac4,a1043bafd471dff536d0c462352beb48,26-04-2018 09:31,119.0,24.97
688052146432ef8253587b930b01a06d,2,db56f6d2b04c89eae4daba188842fd7b,2a84855fd20af891be03bc5924d2b453,26-04-2018 09:31,199.0,3.12
68873cf91053cd11e6b49a766db5af1a,1,15a9e834e89eab39d973492882c658d6,a673821011d0cec28146ea42f5ab767f,07-12-2017 02:51,79.9,11.76
68e48e68da1f50f7c5838ea75e3a20dd,1,a659cb33082b851fb87a33af8f0fff29,817245bcc3badd82bbd222e0366951a6,22-06-2018 17:00,84.9,13.25
68e48e68da1f50f7c5838ea75e3a20dd,2,a659cb33082b851fb87a33af8f0fff29,817245bcc3badd82bbd222e0366951a6,22-06-2018 17:00,84.9,13.25
68e48e68da1f50f7c5838ea75e3a20dd,3,a659cb33082b851fb87a33af8f0fff29,817245bcc3badd82bbd222e0366951a6,22-06-2018 17:00,84.9,13.25
68e48e68da1f50f7c5838ea75e3a20dd,4,a659cb33082b851fb87a33af8f0fff29,817245bcc3badd82bbd222e0366951a6,22-06-2018 17:00,84.9,13.25
6942b8da583c2f9957e990d028607019,1,ee0c1cf2fbeae95205b4aa506f1469f0,cc419e0650a3c5ba77189a1882b7556a,18-01-2018 02:32,53.99,15.13
694630e7a7713c116a9b7f0ba3377382,1,78efe838c04bbc568be034082200ac20,0241d4d5d36f10f80c644447315af0bd,17-04-2018 05:50,99.9,21.78
6a0a8bfbbe700284feb0845d95e0867f,1,f8a8f05a35976a91aed5cccc3992c357,4a3ca9315b744ce9f8e9374361493884,28-11-2017 11:46,83.9,17.84
6abaad69b8b349c3a529b4b91ce18e46,1,3dd6c9d499e7c311a29e08afe1fd8fc6,537eb890efff034a88679788b647c564,21-02-2018 09:47,42.9,14.1
6b860b35691d486e45dc98e3514ec5f6,1,c827fb43ad0fb8708f34c2911fdc164b,76d5af76d0271110f9af36c92573f765,14-12-2017 02:49,544.0,30.36
6bb1e842418aac0c9c820afd3bb63a2d,1,f361fccba568fabe00db466f80626d1e,85d9eb9ddc5d00ca9336a2219c97bb13,27-02-2018 13:25,15.9,16.79
6d231a099f98f5a590ad78db56ae82f1,1,4ac50dbde931c0a5ed8c33d3dc047351,2e1c9f22be269ef4643f826c9e650a52,16-11-2017 22:30,34.49,7.78
6d25592267349b322799e2beb687871e,1,c3ba4e8d3cb30049213b682e751e9d00,6560211a19b47992c3666cc44a7e94c0,30-08-2018 04:10,93.0,7.91
6d25592267349b322799e2beb687871e,2,c3ba4e8d3cb30049213b682e751e9d00,6560211a19b47992c3666cc44a7e94c0,30-08-2018 04:10,93.0,7.91
6d7de866a140b19d09e825b2a4e944c7,1,aca2eb7d00ea1a7b8ebd4e68314663af,955fee9216a65b617aa5c0531780ce60,22-04-2018 22:10,69.9,0.0
6d7de866a140b19d09e825b2a4e944c7,2,aca2eb7d00ea1a7b8ebd4e68314663af,955fee9216a65b617aa5c0531780ce60,22-04-2018 22:10,69.9,0.0
6ea2f835b4556291ffdc53fa0b3b95e8,1,be021417a6acb56b9b50d3fd2714baa8,f5f46307a4d15880ca14fab4ad9dfc9b,30-11-2017 00:21,339.0,17.12
6ebaec694d7025e2ad4a05dba887c032,1,e251ebd2858be1aa7d9b2087a6992580,001cca7ae9ae17fb1caed9dfb1094831,24-05-2017 14:05,139.0,14.72
6efcd938092fe73904610b4bd39b2e7f,1,d2fc2696871ca6b94af5deb0a8d5590d,527801b552d0077ffd170872eb49683b,15-12-2017 21:55,129.9,16.54
6f954a919130aa1e8def4ed1b9fca432,1,84bfcd3c1a4f15e9bd5867a775e232d9,116ccb1a1604bc88e4d234a8c23f33de,02-08-2018 03:50,13.3,8.88
6fa204b6cf6dcfe6c9adca7dc53aa32a,1,28a652ff04e43c1bc57937a9f8770f9b,3d871de0142ce09b7081e2b9d1733cb1,09-08-2017 03:04,95.0,13.01
7107c5823a581db0314f8f0fa95f61e7,1,3b0fbb3ab5b1512278d2e1c695b07e85,d2374cbcbb3ca4ab1086534108cc3ab7,19-03-2018 16:15,72.9,12.01
7156f3e0b94405abcbad1a8c94557338,1,6b61c9889ff5ea54a786b54fff36251f,8fdca8e349553f99bc738833a62c8802,27-04-2017 16:30,17.5,10.96
7206b86ea789983f7a273ea7fa0bc2a8,1,9a469eaf45dfbc43d39ba1977a3c07af,d2374cbcbb3ca4ab1086534108cc3ab7,30-03-2018 17:27,36.9,12.79
734e7d1bbaeb2ff82521ca0fe6fb6f79,1,278b3c6462e86b4556b99989513ddf73,d1ef48b38baca7e831711c4a0aeb398f,13-06-2018 08:31,29.99,13.47
741fd1b80f015f170a7f458cf86769b8,1,2b4609f8948be18874494203496bc318,cc419e0650a3c5ba77189a1882b7556a,11-12-2017 14:38,89.99,16.39
74ebfa44a323c96a7760bd693d690a3d,1,7d1fc7d682f6a5c8e47437e3540f4415,376a891762bbdecbc02b4b6adec3fdda,22-06-2017 00:35,359.5,33.96
75351e48296ef42211a0b80c427aae57,1,28f2e74ecd7f12eab02ca9b3c2bd9c5f,ca3bd7cd9f149df75950150d010fe4a2,28-03-2017 16:25,87.37,10.79
76c6e866289321a7c93b82b54852dc33,1,ac1789e492dcd698c5c10b97a671243a,63b9ae557efed31d1f7687917d248a8d,27-01-2017 18:29,19.9,16.05
775130c792f4c6460c63162e994a1114,1,99b4596b82b6f75d453160c9c75e01f4,6bbcb8924baf70b7fe2fe2097e8cd407,15-12-2017 18:04,257.6,15.67
77e9941864fc840be8e4b1ba5347c0f7,1,a01d1cbb398e386a4a8f8364401a7584,d566c37fa119d5e66c4e9052e83ee4ea,07-08-2018 09:10,65.9,37.37
780fe22baa36991bdbb1559f5b549596,1,4bb4fb9c85785b75ab4f6559900c7ca1,ef506c96320abeedfb894c34db06f478,27-04-2017 19:41,37.99,14.52
7835af1856de332f2f3c9204b740a3a2,1,a1250bbcaa645885c9165eab1573b5c6,6560211a19b47992c3666cc44a7e94c0,29-12-2017 17:48,49.99,14.1
7c18eddfcd24680d80a502346221614e,1,0ec96e6d31a1493b0475805c9ae1a0a2,09f952a5f58d2285b0372551ae8f9b01,17-07-2018 16:04,167.0,18.95
7c18eddfcd24680d80a502346221614e,2,e9a69340883a438c3f91739d14d3a56d,1b4c3a6f53068f0b6944d2d005c9fc89,17-07-2018 16:04,169.49,68.23
7e3e92dc3eaf5389f32da97228f7dd0e,1,f0bc0aed23d451f89495f7650d81e244,a3a38f4affed601eb87a97788c949667,06-07-2017 21:03,79.9,15.31
80d817467dc3d0a4bb5ab8986c962b1f,1,425db55cb3b0f5b18a2d9964da31c3c0,2a84855fd20af891be03bc5924d2b453,24-08-2018 16:25,49.9,16.54
80d817467dc3d0a4bb5ab8986c962b1f,2,425db55cb3b0f5b18a2d9964da31c3c0,2a84855fd20af891be03bc5924d2b453,24-08-2018 16:25,49.9,16.54
82566a660a982b15fb86e904c8d32918,1,72a97c271b2e429974398f46b93ae530,094ced053e257ae8cae57205592d6712,18-06-2018 03:13,31.9,18.23
82bce245b1c9148f8d19a55b9ff70644,1,a5a0e71a81ae65aa335e71c06261e260,c8417879a15366a17c30af34c798c332,27-04-2017 05:15,38.0,15.56
82bce245b1c9148f8d19a55b9ff70644,2,a5a0e71a81ae65aa335e71c06261e260,c8417879a15366a17c30af34c798c332,27-04-2017 05:15,38.0,15.56
82bce245b1c9148f8d19a55b9ff70644,3,a5a0e71a81ae65aa335e71c06261e260,c8417879a15366a17c30af34c798c332,27-04-2017 05:15,38.0,15.56
82bce245b1c9148f8d19a55b9ff70644,4,a5a0e71a81ae65aa335e71c06261e260,c8417879a15366a17c30af34c798c332,27-04-2017 05:15,38.0,15.56
82bce245b1c9148f8d19a55b9ff70644,5,a5a0e71a81ae65aa335e71c06261e260,c8417879a15366a17c30af34c798c332,27-04-2017 05:15,38.0,15.56
83018ec114eee8641c97e08f7b4e926f,1,c35498fbb4358837ae16850f50c3fd22,70a12e78e608ac31179aea7f8422044b,01-11-2017 16:07,76.0,16.97
8373f5d7df6d9249999fd38f8513e6d7,1,cac9e5692471a0700418aa3400b9b2b1,7ea5bfa6c340f58f8e71fc1f0412b0d6,04-04-2018 12:48,115.0,15.69
8447ff843b2616c50c0ced28ab1dae03,1,7a10781637204d8d10485c71a6108a2e,4869f7a5dfa277a7dca6462dcf3b52b2,29-12-2017 02:37,219.9,18.79
8563039e855156e48fccee4d611a3196,1,bff2010b28e8fbcff5a9db9d3fea5ac4,955fee9216a65b617aa5c0531780ce60,22-02-2018 15:15,78.0,28.95
85ce859fd6dc634de8d2f1e290444043,1,cce679660c66e6fbd5c8091dfd29e9cd,d2374cbcbb3ca4ab1086534108cc3ab7,29-11-2017 00:14,17.9,11.85
86b37610c0e86e94afe3d5ba4b73fa14,1,77ccbcf251886c8b83676fc918e7336c,f789d2c4f2c2eb38fc4373e7a4b35264,28-11-2017 02:49,49.99,25.66
86b37610c0e86e94afe3d5ba4b73fa14,2,1e56c680b07833e85fec6904b2c7e4b8,f789d2c4f2c2eb38fc4373e7a4b35264,28-11-2017 02:49,59.99,25.66
86e574a0701d15590bf31783bc7de5dc,1,2c82351074f92b0f7225437cea2b47c6,2b3b9ce054da76a7428df143a567b156,18-07-2018 20:31,94.0,18.46
86f21bf63784876b9fd6d35f46581d72,1,5526b1ae9ab2688cf600783cece249df,0b90b6df587eb83608a64ea8b390cf07,23-04-2018 22:49,98.44,22.4
879195f2460f97ab2f3bf119f2e8638b,1,4a6fffd5a0ca2230cf5b84dc624e9f95,527801b552d0077ffd170872eb49683b,08-02-2018 15:11,27.9,11.85
884cb4ce4a06390d35206de06f785d13,1,0a8f26369822d83b82d0d3e87908fbd4,f262cbc1c910c83959f849465454ddd3,10-04-2018 03:29,16.99,7.39
89165e6d4c28047da0adf13ac8b3e1b3,1,5f42d57952b7815098979a5c4fa6f82a,c70c1b0d8ca86052f45a432a38b73958,24-07-2018 13:50,110.32,8.03
8a49984afb76dae66f3810e1b7093ec4,1,64d0feb1bcf9c7fe7b5dad3271c10910,e5a38146df062edaf55c38afa99e42dc,22-02-2018 02:35,89.18,27.16
8e9e2a5d159d5718b34b926a34a0498f,1,060f0122cdc8f25db4a0d7359fdae7b0,6560211a19b47992c3666cc44a7e94c0,18-01-2018 19:37,49.0,7.78
8eeda294fab8a5ed70259afb59a10ff8,1,dbb67791e405873b259e4656bf971246,00fc707aaaad2d31347cf883cd2dfe10,19-02-2018 01:35,80.9,12.7
8eeda294fab8a5ed70259afb59a10ff8,2,dbb67791e405873b259e4656bf971246,00fc707aaaad2d31347cf883cd2dfe10,19-02-2018 01:35,80.9,12.7
8f06cc6465925031568537b815f1198d,1,12087840651e83b48206b82c213b76fd,5b925e1d006e9476d738aa200751b73b,21-11-2017 11:46,299.0,18.34
8fc207e94fa91a7649c5a5dab690272a,1,f2e53dd1670f3c376518263b3f71424d,4a3ca9315b744ce9f8e9374361493884,30-11-2017 17:58,109.9,25.61
90349f264a3d6a2525a34598d09dda6b,1,216bb0e0cd43ffd832e0973d35e0377e,955fee9216a65b617aa5c0531780ce60,15-05-2018 03:30,45.0,7.39
90349f264a3d6a2525a34598d09dda6b,2,216bb0e0cd43ffd832e0973d35e0377e,955fee9216a65b617aa5c0531780ce60,15-05-2018 03:30,45.0,7.39
90349f264a3d6a2525a34598d09dda6b,3,216bb0e0cd43ffd832e0973d35e0377e,955fee9216a65b617aa5c0531780ce60,15-05-2018 03:30,45.0,7.39
90349f264a3d6a2525a34598d09dda6b,4,216bb0e0cd43ffd832e0973d35e0377e,955fee9216a65b617aa5c0531780ce60,15-05-2018 03:30,45.0,7.39
90349f264a3d6a2525a34598d09dda6b,5,216bb0e0cd43ffd832e0973d35e0377e,955fee9216a65b617aa5c0531780ce60,15-05-2018 03:30,45.0,7.39
90349f264a3d6a2525a34598d09dda6b,6,216bb0e0cd43ffd832e0973d35e0377e,955fee9216a65b617aa5c0531780ce60,15-05-2018 03:30,45.0,7.39
908e767e28908dc5ec61fe0ef8ef03f9,1,7fbf3cba00dcf6da3f7c0fe6a162b4c1,2a5b78b41cd05baeac8df54c6606b92c,17-05-2018 11:32,49.99,13.47
91b2a010e1e45e6ba3d133fa997597be,1,ba74c6b75d2ad7503175809688d5a03c,7d13fca15225358621be4086e1eb0964,09-05-2018 12:55,178.99,13.69
9344ccd01ff5fa7ec2aef0ee7e1c49c3,1,058b372f969b59e8c4a27e224243909c,3d871de0142ce09b7081e2b9d1733cb1,24-05-2018 04:54,39.0,12.79
93a21c10557cc1b1ecfe2c3a808c648a,1,69594b9c8acebfbd1bbc19f782680d4c,7299e27ed73d2ad986de7f7c77d919fa,05-03-2018 10:15,320.0,18.0
93ec3e2c9a4beee38c28973d307093e1,1,7ae5c4294636a8ccd3d8574daa6d7d21,17a053fcb14bd219540cbde0df490be0,04-04-2018 14:35,179.9,24.55
948097deef559c742e7ce321e5e58919,1,cd935d283d47f1050c505e1c39c48b67,a3a38f4affed601eb87a97788c949667,10-08-2017 17:25,69.9,25.77
949d5b44dbf5de918fe9c16f97b45f8a,1,d0b61bfb1de832b15ba9d266ca96e5b0,66922902710d126a0e7d26b0e3805106,23-11-2017 19:45,45.0,27.2
95266dbfb7e20354baba07964dac78d5,1,bb7181410b4e02f93f3697f765db53c7,855668e0971d4dfd7bef1b6a4133b41b,26-01-2018 08:07,129.99,57.58
955e2b622db1a1f4031ef035ce9a861f,1,bc74f63361c15c1a5baa5b97ac432e62,4869f7a5dfa277a7dca6462dcf3b52b2,23-01-2018 03:34,199.0,12.89
955ea2e3177592d909296220d7fcdebd,1,079189201e6c6f0b0f70d118fff53fd5,edb1ef5e36e0c8cd84eb3c9b003e486d,12-06-2018 11:15,394.65,24.47
95a74a28d622001aafb5dd088ea0d88c,1,5a76b277c6c31033b89362512fb80274,d1c281d3ae149232351cd8c8cc885f0d,24-11-2017 14:25,37.99,12.69
95cf9f239f724799131f7ca949209bd9,1,7a295e6687ed3e00c8143498115f6ca5,2e1c9f22be269ef4643f826c9e650a52,29-05-2018 09:16,89.49,8.39
974c1993ab8024d3ed16229183c2308d,1,5e2ba75ad255ff60b1c76c5bf526ae9b,f84a00e60c73a49e7e851c9bdca3a5bb,24-02-2017 11:45,69.9,14.66
9885fff91f7c807525f8320e5292a3db,1,6906f6d2bb318a3cbb5351653e93ceb4,6ec1a01e866584bb679eb9b098345919,17-01-2018 02:48,126.99,29.68
989225ba6d0ebd5873335f7e01de2ae7,1,6b64362e89896be7589621df54be089e,77530e9772f57a62c906e1c21538ab82,20-12-2017 13:54,49.0,14.1
9ceb8ab5165cefecdddb546cb5a6362b,1,d9235fea02ba3f9fafcd78d898ac4355,dee656f0f566ed1aa85bd137c943f08f,12-02-2018 17:30,120.0,18.09
9d531c565e28c3e0d756192f84d8731f,1,807b2de93dbb064bbc82dc6ac963bc61,903037660cf848a717166eb7a06d616e,06-12-2017 20:57,25.99,14.1
9defaf92cff22420e4e8ef7784815a55,1,cf944645d4ff2a3eed3ae17f641ea861,a6fe7de3d16f6149ffe280349a8535a0,23-05-2018 13:30,49.9,12.79
9f882c1f904b7dd156572ada58d7a7ae,1,ca92f5c2276bfd491db575cd9de5a70d,7142540dd4c91e2237acb7e911c4eba2,29-11-2017 10:15,84.9,17.84
9faeb9b2746b9d7526aef5acb08e2aa0,1,f48eb5c2fde13ca63664f0bb05f55346,f7ba60f8c3f99e7ee4042fdef03b70c4,30-07-2018 14:55,60.0,15.52
9faeb9b2746b9d7526aef5acb08e2aa0,2,f48eb5c2fde13ca63664f0bb05f55346,f7ba60f8c3f99e7ee4042fdef03b70c4,30-07-2018 14:55,60.0,15.52
a03ad7057fae696dd18f8967826c209f,1,941fede5c398c3c84cac6e6c832c2b11,c68fb906c8f4b4b946d8386bfa6e5467,13-06-2017 19:42,52.88,25.21
a094215e786240fcfefb83d18036a1cd,1,5a848e4ab52fd5445cdc07aab1c40e48,c826c40d7b19f62a09e2d7c5e7295ee2,14-02-2018 19:10,122.99,9.06
a0d5b8474423ddf55228373b81a46272,1,aca2eb7d00ea1a7b8ebd4e68314663af,955fee9216a65b617aa5c0531780ce60,19-01-2018 02:38,69.9,19.98
a4591c265e18cb1dcee52889e2d8acc3,1,060cb19345d90064d1015407193c233d,8581055ce74af1daba164fdbd55a40de,13-07-2017 22:10,147.9,27.36
a5474c0071dd5d1074e12d417078bbd0,1,1f75be631e988bb0ad750e60e18d043b,fd386aa7bed2af3c7035c65506c9b4a3,03-08-2018 02:50,13.99,7.39
a685d016c8a26f71a0bb67821070e398,1,ebd7c847c1e1cb69ec374ae0ebee1f4c,391fc6631aebcf3004804e51b40bcf1e,17-03-2017 18:14,84.9,14.36
a6aeb116d2cb5013eb8a94585b71ffef,1,163e6400e6dadd0fe04775c5e9331fda,855668e0971d4dfd7bef1b6a4133b41b,19-09-2017 14:44,50.0,9.34
a6cd683d4bd3b9b1f0aa37b27f8116d3,1,721b56b7d205d6750e97716593bcb370,5c243662ce92d84573bfaff24c3e3700,03-02-2017 23:45,589.9,20.0
a7cd6af6e0519313887b3c3a120f20ca,1,4b703444923b5e57bb73ba343f5ebab7,42b729f859728f5079499127a9c2ef37,03-05-2018 12:11,35.9,7.39
a840a7a89e3d9137358eb7b9408681fe,1,ff922797a6771cab4e0c51d482285ec3,062ce95fa2ad4dfaedfc79260130565f,15-03-2017 22:17,289.9,15.8
a910f58086d58b3ae6f37aa712d377b9,1,75d6b6963340c6063f7f4cfcccfe6a30,cc419e0650a3c5ba77189a1882b7556a,22-09-2017 09:35,56.99,15.84
a910f58086d58b3ae6f37aa712d377b9,2,75d6b6963340c6063f7f4cfcccfe6a30,cc419e0650a3c5ba77189a1882b7556a,22-09-2017 09:35,56.99,15.84
abc5ec9ecaec740b498a37f19c29a8c0,1,303719bf7adc0897358c3dcc3c7a6190,bacb1f0ed56ad24198f5810d2b3fe9a5,04-05-2017 22:55,119.9,21.16
acce194856392f074dbf9dada14d8d82,1,d70f38e7f79c630f8ea00c993897042c,977f9f63dd360c2a32ece2f93ad6d306,13-06-2018 00:35,90.9,48.64
acce194856392f074dbf9dada14d8d82,2,9451e630d725c4bb7a5a206b48b99486,d673a59aac7a70d8b01e6902bf090a11,13-06-2018 00:35,39.5,48.64
ad21c59c0840e6cb83a9ceb5573f8159,1,65266b2da20d04dbe00c5c2d3bb7859e,2c9e548be18521d1c43cde1c582c6de8,19-02-2018 20:31,19.9,8.72
aeb4c9d05ab11d7c6c9ca24f8c43bd70,1,ac480ada5f06d9024eae2c6dd9de4c74,4e06067cc08b3f41d837768d392c3ee3,27-09-2017 14:44,7.0,15.79
af5b0604e113e1526593d505a26ef39d,1,978859c6048ded0fa8bf3b9ea8236387,813348c996469b40f2e028d5429d3495,04-10-2017 12:26,19.9,8.72
af66c46c49bdb3bf2f862efb1eb67d81,1,f1d116eef76f1c526a5f2c5ce1daeaeb,cd68562d3f44870c08922d380acae552,27-07-2017 19:25,48.0,11.85
b01875821b8dcb6abc61776f0f971bce,1,a6ad77b15e566298a4e8ee2011ab1255,1025f0e2d44d7041d6cf58b6550e0bfa,01-12-2017 00:38,31.8,39.28
b01875821b8dcb6abc61776f0f971bce,2,a6ad77b15e566298a4e8ee2011ab1255,1025f0e2d44d7041d6cf58b6550e0bfa,01-12-2017 00:38,31.8,39.28
b06112f703115e6d92f3baf4e2458a5a,1,f40876e0ef3cd5f9132b1f16b04b1346,620c87c171fb2a6dd6e8bb4dec959fc6,13-03-2018 12:29,109.9,10.97
b06112f703115e6d92f3baf4e2458a5a,2,f40876e0ef3cd5f9132b1f16b04b1346,620c87c171fb2a6dd6e8bb4dec959fc6,13-03-2018 12:29,109.9,10.97
b0928556a10706af462ca2ab2c91903b,1,59a5c66f3c04b01ccdb9362174f6ecdf,a56a8043ebf66e42119618fb8cf232c6,08-08-2018 22:35,83.0,23.73
b16cec67cb3f5a4bb31abe8988b43d19,1,17efcba3c09566b89c945ef563f381d2,3f9c56764fabca627406093dcb3ef0b4,30-03-2018 09:28,129.9,11.77
b276e4f8c0fb86bd82fce576f21713e0,1,c6c1f263e076bd9c1f1640250a5d0c29,fe2032dab1a61af8794248c8196565c9,02-08-2018 23:45,179.0,9.41
b2bd1f09c1b8a4a36940f6f6e49d5dec,1,eef7436637ac87cad6bf5108284c3413,b33e7c55446eabf8fe1a42d037ac7d6d,08-02-2018 16:31,199.0,16.14
b2f3763408103bc7173bb36ed02dbeea,1,1b88c133317c3f2b8c53b6048f2dc8b6,54965bbe3e4f07ae045b90b0b8541f52,07-06-2018 22:55,359.9,42.59
b52cc4919de82b4d696a4380d10804a3,1,7564c1759c04fc0a38f2aa84f7a370ee,6860153b69cc696d5dcfe1cdaaafcf62,19-06-2018 02:30,42.99,12.03
b616f638cd86d92c7cbd06cf7484ee34,1,d2f5484cbffe4ca766301b21ab9246dd,36a968b544695394e4e9d7572688598f,25-05-2018 16:56,12.88,7.87
b6b3633f97c686d8e188ac6fa29ff20d,1,de89f330c497e12d2510c2cd2a48a29f,240b9776d844d37535668549a396af32,06-08-2018 13:04,679.0,19.85
b8801cccd8068de30112e4f49903d74a,1,154e7e31ebfa092203795c972e5804a6,cc419e0650a3c5ba77189a1882b7556a,08-08-2017 03:25,19.99,7.78
b88d7ae9bd78eac18e8b6ceb04695fb8,1,a35a9f46dcee0a67c8c7ad8493eb4135,85d9eb9ddc5d00ca9336a2219c97bb13,23-07-2017 22:10,31.9,14.1
ba4ddff2b9082f079de9a84d7a5605fd,1,58a84286399d234f7234d54d9daf6418,a416b6a846a11724393025641d4edd5e,24-01-2018 09:38,52.39,13.08
bb4f0c21ae6014e40ef007ff6fbcbeb9,1,0768657d39e02ff11e1a30708e010588,c458e2045a8aa8964f8879af03fdcce6,20-02-2017 17:48,34.99,10.96
bb7c5cf4dff9994daeab7c8ee9d287aa,1,af0a99476d96dcc1a1baa7c0d9ff6b9d,04308b1ee57b6625f47df1d56f00eedf,07-03-2018 22:08,535.9,18.5
bd4bd0194d6d29f83b8557d4b89b572a,1,7f457254a89d62960399e075711b3deb,ea8482cd71df3c1969d7b9473ff13abc,02-08-2018 03:50,24.99,12.84
bfe42c22ecbf90bc9f35cf591270b6a7,1,71225f49be70df4297892f6a5fa62171,e5a3438891c0bfdb9394643f95273d8e,31-01-2018 22:16,27.3,15.1
c0aa0e99afe6f6dac845326a854690fd,1,4a523a9f00bf299d2496151b0e2a3238,c3867b4666c7d76867627c2f7fb22e21,28-07-2017 17:30,119.0,12.33
c10ff28c81d0b9bd2a265bb0836c8b0c,1,e070a61270050c4b1b704300f331cca6,66922902710d126a0e7d26b0e3805106,11-10-2017 06:21,60.0,16.67
c228d309379c3ae545cc6ca2d5aae1b2,1,157ee978f4fcdf8984b0bb33a6687fde,e9779976487b77c6d4ac45f75ec7afe9,04-07-2018 22:10,35.0,13.83
c263211bd219538f7c031591e87ef0d7,1,028b0b0277744a9eaa2c4f57c24dcb68,1025f0e2d44d7041d6cf58b6550e0bfa,05-12-2017 03:48,359.7,17.27
c263211bd219538f7c031591e87ef0d7,2,028b0b0277744a9eaa2c4f57c24dcb68,1025f0e2d44d7041d6cf58b6550e0bfa,05-12-2017 03:48,359.7,17.27
c26b94aa87e95d1c1eb1b592f43eb223,1,99a4788cb24856965c36a24e339b6058,4a3ca9315b744ce9f8e9374361493884,05-07-2017 00:23,89.9,12.13
c26b94aa87e95d1c1eb1b592f43eb223,2,35afc973633aaeb6b877ff57b2793310,4a3ca9315b744ce9f8e9374361493884,05-07-2017 00:23,89.9,12.13
c3cb4c7c4b963ab08b07a5dca5baf05d,1,9a5a361f3cd6c280f6bf4ffb6207c51e,aba1721a889e04decc910aa13b768ef4,22-05-2017 03:35,119.0,15.58
c4d2f075fc3bf3a06d1e68e113c35cbd,1,57e089e3103f5cda6a4ce23b77399bdb,aafe36600ce604f205b86b5084d3d767,06-08-2018 15:10,54.9,24.73
c75acba615d2db29345327974641467d,1,4005df5f887f3c2529f363671fc8f4a5,e9779976487b77c6d4ac45f75ec7afe9,12-07-2018 10:10,84.99,26.9
c82a457d646f77c8f151e12a3e517ed2,1,81a3f1e46ec16acb4800a5002b014438,d9bd94811c3338dceb4181f3dbc0c73e,12-08-2018 21:25,136.78,8.22
c8627adf430caff83161acbeb344d8f5,1,8c66104d520634a3b6e20c1f326767de,c864036feaab8c1659f65ea4faebe1da,14-08-2018 17:30,229.9,55.69
c93e4c73cba512f76817291e0de8bec4,1,f1f01d27cb8664e16d57ef4a8075f3be,46dc3b2cc0980fb8ec44634e21d2718e,18-09-2017 16:44,279.99,21.2
cadbb3657dac2dbbd5b84b12e7b78aad,1,9d2ff462feaaf88912539b8647e17ab4,00fc707aaaad2d31347cf883cd2dfe10,13-03-2018 02:48,394.9,14.89
cbec453ddd874ca620b8afc6393e3218,1,283dc451ad3918badb976d56ff887289,da8622b14eb17ae2831f4ac5b9dab84a,08-06-2017 10:22,89.9,13.65
ccbabeb0b02433bd0fcbac46e70339f2,1,89321f94e35fc6d7903d36f74e351d40,16090f2ca825584b5a147ab24aa30c86,27-02-2018 03:31,27.9,15.1
ce9feeba53c652dd6569cca62e2bb287,1,28b5fef7b6d63771e9784bc68c783793,d91fb3b7d041e83b64a00a3edfb37e4f,19-04-2018 19:55,45.0,11.86
cefa8ee1540139ac77fa0c1b4ff1f04b,1,092be1e8336fc404c57bd5970d056886,cbd996ad3c1b7dc71fd0e5f5df9087e2,04-07-2018 13:10,66.39,19.66
cf8f7b73e35cb19ff895c2f45c1ded72,1,3d36f403ac27db5c5b8faa68836e3d1f,77530e9772f57a62c906e1c21538ab82,01-03-2018 07:08,99.0,12.4
d17dc4a904426827ca80f2ccb3a6be56,1,ba4bfbf74dbe7ab37e263b9326da0523,f8db351d8c4c4c22c6835c19a46f01b0,18-05-2017 20:42,36.9,17.92
d1f54c6a2a7015c5687439d6d4e971ba,1,689b01074243aeee72049c8da42d2e22,3d871de0142ce09b7081e2b9d1733cb1,04-05-2017 11:22,68.0,24.97
d22e9fa5731b9e30e8b27afcdc2f8563,1,f410090aec61f7c73748ca894286edcd,980640c45d7a4635885491d077167e4d,07-08-2018 23:35,99.0,22.62
d3d6788577c9592da441752e8a1dd5e3,1,7c1bd920dbdf22470b68bde975dd3ccf,cc419e0650a3c5ba77189a1882b7556a,27-09-2017 07:55,58.99,17.66
d493148aa5f8d08914d29ec0524e1196,1,be7f0912ba01126704c81b3f705aaaf2,26d8a1c7c75d513045798992ead43aa2,07-02-2018 13:31,155.99,14.11
d86359a45e3f6c6d8b35f7b13e41abf5,1,a62e25e09e05e6faf31d90c6ec1aa3d1,634964b17796e64304cadf1ad3050fb7,14-06-2018 14:31,105.0,19.7
d887b52c6516beb39e8cd44a5f8b60f7,1,39a9942865c056ed2006a5e8c11d9537,ba5daa4041e1f15cdf34b76e3e18a450,08-02-2018 12:50,84.9,15.35
d9cfa4b0f995deb2fa9758d5534e1d13,1,096b00d9037146606b19d614cd67ab65,66dc1b1632bd6a3e508510c5b3492107,13-06-2018 19:15,129.9,18.79
dcb36b511fcac050b97cd5c05de84dc3,1,009c09f439988bc06a93d6b8186dce73,89a51f50b8095ea78d5768f34c13a76f,18-06-2018 18:59,132.4,14.05
dd78f560c270f1909639c11b925620ea,1,00baba5b58e274d0332a0c8a0a66f877,d3f39f05462b79a4562d35893a28f159,16-03-2018 02:30,47.9,12.79
def622b4b003c4749c889dd9a0b43eca,1,4615c086d05b264e9ff7004fcb515e37,0bae85eb84b9fb3bd773911e89288d54,01-02-2018 02:45,38.2,15.1
e1da8361c76cab67aa3588a1fbf1af54,1,e0d64dcfaa3b6db5c54ca298ae101d05,7e93a43ef30c4f03f38b393420bc753a,10-07-2017 04:10,235.99,17.41
e22b71f6e4a481445ec4527cb4c405f7,1,3bc5164bc7f4be77002d6651da65c98c,6cd68b3ed6d59aaa9fece558ad360c0a,27-04-2017 14:01,22.5,11.74
e3447938231fb6ba2fee0231b51eca59,1,97f1396a5a1f7c07ba51784efdec44b8,955fee9216a65b617aa5c0531780ce60,28-08-2018 11:15,160.0,12.14
e346cd9299371b18c0b28e8e29a5e376,1,f9a7825fa51f487b8a48f67e9efced8c,76d5af76d0271110f9af36c92573f765,23-05-2017 08:45,29.9,12.69
e37797aedc7cd4ef82278fbc169eecaf,1,013ee64977aaa6b2b25475095162e0e9,640e21a7d01df7614a3b4923e990d40c,13-05-2018 22:30,69.99,14.58
e425680f760cbc130be3e53a9773c584,1,9ecadb84c81da840dbf3564378b586e9,1025f0e2d44d7041d6cf58b6550e0bfa,08-09-2017 08:30,38.4,11.85
e481f51cbdc54678b7cc49136f2d6af7,1,87285b34884572647811a353c7ac498a,3504c0cb71d7fa48d967e0e4c94d59d9,06-10-2017 11:07,29.99,8.72
e4de6d53ecff736bc68804b0b6e9f635,1,90b58782fdd04cb829667fcc41fb65f5,7c67e1448b00f6e969d365cea6b010ab,27-10-2017 03:49,179.99,51.13
e6190dea235662449d160357e46eaec8,1,c415aad99ee06e0fe8a58c09d3598ef7,4de6e4ba574aa9dfdc824bc44dc47fdd,15-01-2018 07:27,69.9,19.98
e69bfb5eb88e0ed6a785585b27e16dbf,1,9a78fb9862b10749a117f7fc3c31f051,7c67e1448b00f6e969d365cea6b010ab,11-08-2017 12:05,149.99,19.77
e69e2290db6b2d3b7593a40112e1a82a,1,6d68112743e7ed2de3932554b033f544,0d33a55da925bbf1ff02af5f6059fc7f,11-06-2018 03:15,28.0,25.34
e69e2290db6b2d3b7593a40112e1a82a,2,fde90f06296b26995fd0de6f16610d70,8bb48dc19fccaa8613b6229bf7f452a2,11-06-2018 03:15,47.99,25.34
e6ce16cb79ec1d90b1da9085a6118aeb,1,08574b074924071f4e201e151b152b4e,001cca7ae9ae17fb1caed9dfb1094831,22-05-2017 19:50,99.0,30.53
e6ce16cb79ec1d90b1da9085a6118aeb,2,08574b074924071f4e201e151b152b4e,001cca7ae9ae17fb1caed9dfb1094831,22-05-2017 19:50,99.0,30.53
e7a65190baa4e6fd192246157c0b81fb,1,b77dd6385638733dd46bf68b093715b7,ef506c96320abeedfb894c34db06f478,04-05-2017 17:22,28.99,24.84
e9ce52cd563d0124dced659e69eab10a,1,0efb0a47500c44e05a5930cae12307d4,5dceca129747e92ff8ef7a997dc4f8ca,18-07-2017 02:10,259.9,53.01
ebc8d4b1397747291b758772e9d87984,1,3354a4e684f5e7199f9407db70ccd92b,7a67c85e85bb2ce8582c35f2203ad736,16-04-2018 16:31,89.99,18.21
ec341c54a5ebf8ee0a67a8632aa7579b,1,22f5b63060a1185e5ec7721efd622321,4c8b8048e33af2bf94f2eb547746a916,31-08-2017 17:04,14.82,15.1
ecab90c9933c58908d3d6add7c6f5ae3,1,c0db539123a403f670c50237d970b215,f7720c4fa8e3aba4546301ab80ea1f1b,01-03-2018 14:28,30.1,33.24
ed91235fc08276eed0470b26a6dbd4a3,1,bb50f2e236e5eea0100680137654686c,f7ba60f8c3f99e7ee4042fdef03b70c4,15-03-2018 14:50,325.0,38.96
edc531c3153d23614049077e7e1e6405,1,cc5447118c174dcc6456c84ccb29e6f7,ef0ace09169ac090589d85746e3e036f,25-04-2018 02:51,117.7,18.7
ee0c5c649e17808bc4a363d3a80ebf85,1,c63857f1b80521fbf01eb987423d0ccd,bc47d5d1490df2b36add65d733eafaba,05-02-2018 08:13,12.5,14.1
ee0c5c649e17808bc4a363d3a80ebf85,2,c63857f1b80521fbf01eb987423d0ccd,bc47d5d1490df2b36add65d733eafaba,05-02-2018 08:13,12.5,14.1
ee64d42b8cf066f35eac1cf57de1aa85,1,c50ca07e9e4db9ea5011f06802c0aea0,e9779976487b77c6d4ac45f75ec7afe9,13-06-2018 04:30,14.49,7.87
ee990334acb0ff9333b01afa465f3006,1,672e757f331900b9deea127a2a7b79fd,e59aa562b9f8076dd550fcddf0e73491,08-03-2018 02:10,410.0,35.32
f11b36b3bc7bacf06deef862ed611f02,1,9ad75bd7267e5c724cb42c71ac56ca72,8160255418d5aaa7dbdc9f4c64ebda44,21-05-2018 03:14,109.9,14.86
f169bd689fb8b32ccd62df9050aebc0b,1,20a8603c265d777e25da064113d556f5,e70053bf73d1b5863932e53a9fa47496,29-04-2018 23:31,759.0,13.08
f175d67589e059cbbda956f10f0702e6,1,d8c365a069853295a82caf595c2c8c8d,48efc9d94a9834137efd9ea76b065a38,09-01-2017 13:34,9.9,8.72
f26f92a3da58e9c771820a7b4d9a6800,1,1ec486885049bbb9b79351d150ed18c4,cab85505710c7cb9b720bceb52b01cee,15-02-2018 19:35,49.9,7.78
f271576bed568e896f99eb710cd3a6f8,1,d457916b4fdc60154ed93b5dd3e6fd69,76d64c4aca3a7baf218bf93ef7fa768d,11-01-2018 21:51,329.9,82.48
f271576bed568e896f99eb710cd3a6f8,2,d457916b4fdc60154ed93b5dd3e6fd69,76d64c4aca3a7baf218bf93ef7fa768d,11-01-2018 21:51,329.9,82.48
f2fa3795760c35b8c05fa8e2f09d5143,1,120fa011365fc39efe382cba4e50999e,da8622b14eb17ae2831f4ac5b9dab84a,09-04-2018 05:10,179.9,8.41
f2fa3795760c35b8c05fa8e2f09d5143,2,68a058d125ba1544e726898f0b8c0523,7c67e1448b00f6e969d365cea6b010ab,17-04-2018 05:10,119.99,28.05
f2fa3795760c35b8c05fa8e2f09d5143,3,eab67bf937aaadc19f83383a331d2dd9,7c67e1448b00f6e969d365cea6b010ab,17-04-2018 05:10,149.99,32.05
f31535f21d145b2345e2bf7f09d62322,1,f196248e8b5d060cca414a664ea9a76f,91f0eec23d4a61d7d7caeefa3f0ad1ca,08-02-2018 08:10,199.0,24.26
f346ad4ee8f630e5e4ddaf862a34e6dd,1,4ce99ff9dcb7821acd8e599d5d4a6531,70125af26c2d6d4ef401a1d02ae7701f,07-08-2018 13:24,39.9,13.76
f376081d7c5f1767fbc7fae2d19ca32e,1,c7079d23bead81759eb7c670b96728bc,385799a1cddbd26dfeb9157356a42282,03-04-2017 16:15,91.99,6.75
f376081d7c5f1767fbc7fae2d19ca32e,2,04a4e9d8c0dc6b2b4b8e24ea78a8f318,385799a1cddbd26dfeb9157356a42282,03-04-2017 16:15,91.99,13.5
f376081d7c5f1767fbc7fae2d19ca32e,3,04a4e9d8c0dc6b2b4b8e24ea78a8f318,385799a1cddbd26dfeb9157356a42282,03-04-2017 16:15,91.99,13.5
f3e7c359154d965827355f39d6b1fdac,1,e99d69efe684efaa643f99805f7c81bc,55c26bcb609f480eb7868594245febb5,14-08-2018 03:24,89.9,14.21
f419e615bbdeb34741d4bdd661ff8599,1,18f6ea7e8cff29f8053baac6762449f9,f80edd2c5aaa505cc4b0a3b219abf4b8,10-08-2018 11:05,56.9,18.2
f4471dae8c482f51aa1826cd9f5d4433,1,51c59cf09066762ba5740772b0a86215,33ac3e28642ab8bda860a2f693000e78,10-07-2018 18:55,104.9,4.39
f4471dae8c482f51aa1826cd9f5d4433,2,f889fb87b505b73de10c18b93352469f,c70c1b0d8ca86052f45a432a38b73958,10-07-2018 18:55,110.32,12.53
f61b61c2cbb4192ccaf9c2c76a4cc971,1,74e47bd907dc11882c23f4c4ce14031f,87142160b41353c4e5fca2360caf6f92,06-03-2018 21:48,39.99,9.74
f70a0aff17df5a6cdd9a7196128bd354,1,cafd558df4c3c9d1c338ba6930ea9a62,5dceca129747e92ff8ef7a997dc4f8ca,17-08-2017 02:45,279.0,34.19
f7959f8385f34c4f645327465a1c9fc4,1,c1234c80dafde7ef3311b3eabd5069ed,dc4a0fc896dc34b0d5bfec8438291c80,11-04-2017 08:05,17.9,10.96
f848643eec1d69395095eb3840d2051e,1,2b4609f8948be18874494203496bc318,cc419e0650a3c5ba77189a1882b7556a,23-03-2018 09:09,79.99,8.91
f90202d14e468090464aeb4b1f0372ab,1,0a57f7d2c983bcf8188589a5fea4a8da,4869f7a5dfa277a7dca6462dcf3b52b2,22-05-2018 08:59,96.0,6.56
f93af565de05d2427790ad8d0368a80e,1,2b4609f8948be18874494203496bc318,cc419e0650a3c5ba77189a1882b7556a,11-06-2018 12:10,79.99,8.32
f9f76d0f8ab416a42a2a3dad0d710162,1,330286b1345b8cc5abfbb74da93465a6,71039d19d4303bf9054d69e9a9236699,06-12-2017 22:51,269.9,16.64
fa516182d28f96f5f5c651026b0749ee,1,e932008cf0ea7c93a077dd8d7e5f49eb,fcdd820084f17e9982427971e4e9d47f,19-04-2018 13:30,190.0,19.41
fb9b2930f4a30f96c7cc98eaaa85e5f0,1,6f9771652ad5ec58e58f50475d6bfe0e,cca3071e3e9bb7d12640c9fbe2301306,30-11-2017 16:19,70.91,13.52
fbf9ac61453ac646ce8ad9783d7d0af6,1,7b717060aa783eb7f23a747a3a733dd7,c0563dd588b775f2e37747ef6ad6c92c,28-02-2018 02:30,109.9,15.53
fd9b8ed51e5ffedf7a56bea36cc5b6f9,1,0ef8c1b31d81d6b4453f70a61321f73e,fa1a9dec3a9940c072684a46728bf1fc,04-04-2018 23:26,119.9,23.42
fdf128b3630c21adc9ca4fb8a51b68ec,1,89321f94e35fc6d7903d36f74e351d40,16090f2ca825584b5a147ab24aa30c86,18-07-2018 14:31,27.9,18.3
